,Player,Tm,Pos,Age,Fumbles,FantasyPoints,TDs,YDs,Touches
0,Christian McCaffrey,CAR,RB,23,1,469.2,19,2392,405
1,Lamar Jackson,BAL,QB,22,9,415.68,43,4333,577
2,Derrick Henry,TEN,RB,25,5,294.6,18,1746,321
3,Aaron Jones,GNB,RB,25,3,314.8,19,1558,285
4,Ezekiel Elliott,DAL,RB,24,3,311.7,14,1777,355
5,Dalvin Cook,MIN,RB,24,4,292.4,13,1654,303
6,Michael Thomas,NOR,WR,26,1,374.6,9,1716,150
7,Travis Kelce,KAN,TE,30,1,254.3,6,1233,98
8,Nick Chubb,CLE,RB,24,3,255.2,8,1772,334
9,Austin Ekeler,LAC,RB,24,3,309.0,11,1550,224
10,Mark Ingram,BAL,RB,30,2,238.5,15,1265,228
11,Dak Prescott,DAL,QB,26,6,335.78,33,5179,648
12,Mark Andrews,BAL,TE,23,2,207.2,10,852,64
13,Russell Wilson,SEA,QB,31,8,326.6,34,4452,591
14,Chris Godwin,TAM,WR,23,0,274.1,9,1341,87
15,George Kittle,SFO,TE,26,1,222.5,5,1075,90
16,Deshaun Watson,HOU,QB,24,10,318.98,34,4271,578
17,Chris Carson,SEA,RB,25,7,232.6,9,1496,315
18,Darren Waller,OAK,TE,27,1,221.0,3,1150,92
19,Kenny Golladay,DET,WR,26,1,248.0,11,1190,65
20,Saquon Barkley,NYG,RB,22,1,244.1,8,1441,269
21,Zach Ertz,PHI,TE,29,1,213.6,6,916,88
22,Joe Mixon,CIN,RB,23,0,225.4,8,1424,313
23,Todd Gurley,LAR,RB,25,3,217.4,14,1064,254
24,Jared Cook,NOR,TE,32,0,167.5,9,705,43
25,Cooper Kupp,LAR,WR,26,3,270.5,10,1165,97
26,Julio Jones,ATL,WR,30,1,274.1,6,1391,101
27,DeVante Parker,MIA,WR,26,0,246.2,9,1202,72
28,Leonard Fournette,JAX,RB,24,1,259.4,3,1674,341
29,Jameis Winston,TAM,QB,25,12,297.36,34,5359,685
30,Austin Hooper,ATL,TE,25,0,189.7,6,787,75
31,Amari Cooper,DAL,WR,25,0,246.5,8,1195,80
32,Mike Evans,TAM,WR,26,0,230.7,8,1157,67
33,A.J. Brown,TEN,WR,22,1,217.1,9,1111,55
34,DeAndre Hopkins,HOU,WR,27,0,266.54,8,1189,108
35,Josh Jacobs,OAK,RB,21,1,191.6,7,1316,262
36,Keenan Allen,LAC,WR,27,0,261.5,6,1215,107
37,Miles Sanders,PHI,RB,22,2,216.7,6,1327,229
38,Allen Robinson,CHI,WR,26,0,254.9,7,1149,99
39,Julian Edelman,NWE,WR,33,3,254.28,7,1191,110
40,Alvin Kamara,NOR,RB,24,4,248.52,6,1343,253
41,Marlon Mack,IND,RB,23,0,179.3,8,1173,261
42,Jarvis Landry,CLE,WR,27,0,237.4,6,1184,84
43,Josh Allen,BUF,QB,23,14,282.56,29,3599,570
44,Tyler Lockett,SEA,WR,27,1,235.2,8,1052,86
45,DJ Chark,JAX,WR,23,0,223.8,8,1028,75
46,Kenyan Drake,2TM,RB,25,2,212.2,8,1162,220
47,Patrick Mahomes,KAN,QB,24,3,285.04,28,4249,527
48,Phillip Lindsay,DEN,RB,25,0,197.7,7,1207,259
49,Kyler Murray,ARI,QB,22,5,279.28,24,4266,635
50,Courtland Sutton,DEN,WR,24,2,222.42,6,1167,76
51,Stefon Diggs,MIN,WR,26,4,212.1,6,1191,69
52,John Brown,BUF,WR,29,0,219.82,7,1095,75
53,Hunter Henry,LAC,TE,25,1,148.2,5,652,55
54,Michael Gallup,DAL,WR,23,0,212.7,6,1107,66
55,Aaron Rodgers,GNB,QB,36,4,272.38,27,4185,615
56,Tyler Higbee,LAR,TE,26,0,160.4,3,734,69
57,D.J. Moore,CAR,WR,22,2,230.5,4,1215,93
58,Robert Woods,LAR,WR,27,0,232.9,3,1249,107
59,Carson Wentz,PHI,QB,27,16,271.86,28,4282,669
60,Raheem Mostert,SFO,RB,27,2,165.2,10,952,151
61,Dallas Goedert,PHI,TE,24,2,144.7,5,607,58
62,Le'Veon Bell,NYJ,RB,27,1,213.0,4,1250,311
63,Mike Gesicki,MIA,TE,24,1,136.0,5,570,51
64,Calvin Ridley,ATL,WR,25,0,195.0,7,900,65
65,David Montgomery,CHI,RB,22,2,170.4,7,1074,267
66,Terry McLaurin,WAS,WR,24,0,191.9,7,919,58
67,Tyler Boyd,CIN,WR,25,2,222.9,5,1069,94
68,Matt Ryan,ATL,QB,34,9,265.34,27,4613,650
69,Deebo Samuel,SFO,WR,23,2,187.1,6,961,71
70,Marvin Jones,DET,WR,29,0,193.9,9,779,64
71,Carlos Hyde,HOU,RB,29,4,153.2,6,1112,255
72,Tyreek Hill,KAN,WR,25,0,188.3,7,883,66
73,Davante Adams,GNB,WR,27,2,210.7,5,997,83
74,Sony Michel,NWE,RB,24,2,152.6,7,1006,259
75,Tom Brady,NWE,QB,42,4,261.68,27,4091,639
76,Jason Witten,DAL,TE,37,1,137.9,4,529,63
77,Michael Burton,WAS,0,27,0,0.0,0,0,0
78,Jared Goff,LAR,QB,25,10,247.52,24,4678,659
79,Jimmy Garoppolo,SFO,QB,28,10,243.32,28,4040,522
80,Derek Carr,OAK,QB,28,7,244.36,23,4136,540
81,Kirk Cousins,MIN,QB,31,10,242.42,27,3666,475
82,Ryan Fitzpatrick,MIA,QB,37,9,239.46,24,3772,556
83,Philip Rivers,LAC,QB,38,8,233.5,23,4644,603
84,Baker Mayfield,CLE,QB,24,6,227.18,25,3968,562
85,Gardner Minshew,JAX,QB,23,13,223.24,21,3615,537
86,Drew Brees,NOR,QB,40,0,224.76,28,2975,387
87,Ryan Tannehill,TEN,QB,31,6,222.18,26,2927,329
88,Jacoby Brissett,IND,QB,27,7,215.68,22,3172,504
89,Daniel Jones,NYG,QB,22,18,210.98,26,3306,504
90,Andy Dalton,CIN,QB,32,8,199.66,20,3563,561
91,Mitchell Trubisky,CHI,QB,25,5,200.82,19,3331,564
92,Sam Darnold,NYJ,QB,22,11,183.16,21,3086,474
93,Kyle Allen,CAR,QB,23,13,177.48,19,3428,521
94,Matthew Stafford,DET,QB,31,5,166.56,19,2565,311
95,Devonta Freeman,ATL,RB,27,3,197.6,6,1066,243
96,Melvin Gordon,LAC,RB,26,4,180.8,9,908,204
97,Ronald Jones,TAM,RB,22,3,166.3,6,1033,203
98,Adrian Peterson,WAS,RB,34,3,147.0,5,1040,228
99,D.K. Metcalf,SEA,WR,22,3,185.1,7,911,60
100,James White,NWE,RB,27,1,198.2,6,943,140
101,Odell Beckham,CLE,WR,27,1,201.3,4,1065,79
102,Emmanuel Sanders,2TM,WR,32,0,188.3,6,904,67
103,Latavius Murray,NOR,RB,29,0,157.2,6,872,180
104,Darius Slayton,NYG,WR,22,0,170.0,8,740,48
105,Jamison Crowder,NYJ,WR,26,0,197.7,6,837,79
106,Devin Singletary,BUF,RB,22,4,147.9,4,969,180
107,Cole Beasley,BUF,WR,30,0,180.8,6,778,67
108,Curtis Samuel,CAR,WR,23,0,171.7,7,757,73
109,Tevin Coleman,SFO,RB,26,0,135.4,7,724,158
110,James Conner,PIT,RB,24,1,145.5,7,715,150
111,Mike Williams,LAC,WR,25,0,161.3,2,1003,50
112,Damien Williams,KAN,RB,27,1,141.1,7,711,141
113,Robby Anderson,NYJ,WR,26,1,160.3,5,783,53
114,Chris Conley,JAX,WR,27,0,154.5,5,775,47
115,Duke Johnson,HOU,RB,26,1,154.0,5,820,127
116,Mason Rudolph,PIT,QB,24,4,108.8,13,1807,304
117,Jamaal Williams,GNB,RB,24,0,146.3,6,713,146
118,David Johnson,ARI,RB,28,1,141.5,6,715,130
119,Diontae Johnson,PIT,WR,23,5,157.1,5,721,63
120,Case Keenum,WAS,QB,31,6,103.48,12,1719,256
121,Golden Tate,NYG,WR,31,1,152.2,6,692,50
122,Larry Fitzgerald,ARI,WR,36,1,177.4,4,804,75
123,Breshad Perriman,TAM,WR,26,0,138.1,6,661,38
124,Peyton Barber,TAM,RB,25,1,114.5,7,585,170
125,Jordan Howard,PHI,RB,25,0,111.4,7,594,129
126,Tyrell Williams,OAK,WR,27,0,143.1,6,651,42
127,Marquise Brown,BAL,WR,22,0,146.4,7,584,46
128,Randall Cobb,DAL,WR,29,2,154.9,3,839,59
129,Christian Kirk,ARI,WR,23,0,166.2,3,802,78
130,Royce Freeman,DEN,RB,23,0,142.2,4,752,175
131,Mecole Hardman,KAN,WR,21,2,113.5,6,555,30
132,Zach Pascal,IND,WR,25,0,133.3,5,623,44
133,LeSean McCoy,KAN,RB,31,3,118.6,5,646,129
134,Dede Westbrook,JAX,WR,26,1,152.7,3,687,71
135,Teddy Bridgewater,NOR,QB,27,1,90.46,9,1415,224
136,James Washington,PIT,WR,23,1,133.5,3,735,44
137,Sammy Watkins,KAN,WR,26,2,136.5,3,685,54
138,Gus Edwards,BAL,RB,24,2,92.6,2,756,140
139,DeAndre Washington,OAK,RB,26,0,121.9,3,679,144
140,Tarik Cohen,CHI,RB,24,3,163.9,3,669,143
141,Joe Flacco,DEN,QB,34,8,82.88,6,1842,274
142,Will Fuller,HOU,WR,25,1,134.0,3,670,49
143,Marcus Mariota,TEN,QB,26,3,85.02,7,1332,184
144,Hunter Renfrow,OAK,WR,24,1,133.5,4,605,49
145,Sterling Shepard,NYG,WR,26,0,139.8,3,648,63
146,Matt Breida,SFO,RB,24,2,103.3,2,743,142
147,Adam Thielen,MIN,WR,29,0,114.4,7,424,34
148,Taysom Hill,NOR,QB,29,0,102.2,7,445,52
149,Frank Gore,BUF,RB,36,0,94.9,2,699,179
150,T.Y. Hilton,IND,WR,30,0,125.1,5,501,45
151,Kenny Stills,HOU,WR,27,0,120.1,4,561,40
152,Danny Amendola,DET,WR,34,0,140.56,2,697,63
153,Alshon Jeffery,PHI,WR,29,0,122.2,5,492,44
154,Dwayne Haskins,WAS,QB,22,6,74.7,7,1466,223
155,Brandin Cooks,LAR,WR,26,0,117.5,2,635,48
156,Darren Fells,HOU,TE,33,0,110.1,7,341,34
157,Anthony Miller,CHI,WR,25,1,127.5,2,655,53
158,Steven Sims,WAS,WR,22,1,103.5,5,395,44
159,Kerryon Johnson,DET,RB,22,1,85.0,4,530,123
160,Kyle Rudolph,MIN,TE,30,0,111.7,6,367,39
161,Rex Burkhead,NWE,RB,29,1,101.1,3,581,92
162,Nyheim Hines,IND,RB,23,1,105.9,2,519,96
163,Tony Pollard,DAL,RB,22,1,87.2,3,562,101
164,Boston Scott,PHI,RB,24,4,96.9,5,449,85
165,Corey Davis,TEN,WR,24,1,115.1,2,601,43
166,Phillip Dorsett,NWE,WR,26,0,100.8,5,418,32
167,Greg Olsen,CAR,TE,34,0,123.7,2,597,52
168,Chase Edmonds,ARI,RB,23,0,82.8,5,408,72
169,Noah Fant,DEN,TE,22,1,111.0,3,550,43
170,JuJu Smith-Schuster,PIT,WR,23,1,113.2,3,552,42
171,Jonnu Smith,TEN,TE,24,0,104.7,3,517,39
172,Jack Doyle,IND,TE,29,1,111.8,4,448,43
173,Demarcus Robinson,KAN,WR,25,0,100.9,4,449,32
174,Kendrick Bourne,SFO,WR,24,0,95.8,5,358,30
175,Allen Lazard,GNB,WR,24,0,102.8,3,498,36
176,Drew Lock,DEN,QB,23,3,68.0,7,1092,174
177,Rashaad Penny,SEA,RB,23,1,75.3,4,453,73
178,John Ross,CIN,WR,25,1,95.0,3,510,31
179,Evan Engram,NYG,TE,25,0,109.4,3,474,47
180,Mohamed Sanu,2TM,WR,30,0,124.1,2,531,62
181,Tyler Eifert,CIN,TE,29,0,104.6,3,436,43
182,Ryan Griffin,NYJ,TE,29,0,96.0,5,320,34
183,Kareem Hunt,CLE,RB,24,1,101.4,3,464,80
184,Willie Snead,BAL,WR,27,0,95.1,5,341,33
185,Jimmy Graham,GNB,TE,33,1,100.7,3,447,38
186,Auden Tate,CIN,WR,22,1,101.5,1,575,40
187,Taylor Gabriel,CHI,WR,28,0,90.3,4,373,32
188,Preston Williams,MIA,WR,22,2,90.8,3,428,32
189,Alexander Mattison,MIN,RB,21,1,68.4,1,544,110
190,Marquez Valdes-Scantling,GNB,WR,25,0,84.1,2,461,28
191,Malcolm Brown,LAR,RB,26,0,59.1,5,271,71
192,Jeff Driskel,DET,QB,26,1,58.1,5,842,128
193,Brian Hill,ATL,RB,24,0,67.2,3,392,88
194,Jaylen Samuels,PIT,RB,23,1,104.4,2,515,118
195,Tajae Sharpe,TEN,WR,25,0,81.9,4,329,25
196,Eric Ebron,IND,TE,26,0,86.5,3,375,31
197,Ted Ginn,NOR,WR,34,0,85.9,2,439,33
198,Nelson Agholor,PHI,WR,26,2,92.0,3,370,41
199,Cameron Brate,TAM,TE,28,0,91.1,4,311,36
200,Keelan Cole,JAX,WR,26,0,78.7,3,367,25
201,Blake Jarwin,DAL,TE,25,1,85.5,3,365,31
202,Benny Snell,PIT,RB,21,1,57.9,2,449,111
203,Jordan Akins,HOU,TE,27,0,89.8,2,418,36
204,David Blough,DET,QB,24,1,55.36,5,1034,183
205,Eli Manning,NYG,QB,38,3,54.38,6,1049,151
206,Alex Erickson,CIN,WR,27,4,96.24,0,588,49
207,Gerald Everett,LAR,TE,25,0,89.8,2,408,38
208,Jacob Hollister,SEA,TE,26,0,93.9,3,349,41
209,Tre'Quan Smith,NOR,WR,23,0,71.4,5,234,18
210,Darrel Williams,KAN,RB,24,1,67.8,4,308,56
211,Allen Hurns,MIA,WR,28,1,83.6,2,416,32
212,Dawson Knox,BUF,TE,23,0,79.7,2,397,29
213,Chris Thompson,WAS,RB,29,1,93.6,0,516,79
214,Will Dissly,SEA,TE,23,1,73.9,4,269,24
215,Devlin Hodges,PIT,QB,23,5,51.32,5,1131,181
216,Russell Gage,ATL,WR,23,1,98.8,1,458,53
217,Derrius Guice,WAS,RB,22,0,57.4,3,324,49
218,O.J. Howard,TAM,TE,25,1,83.9,1,459,34
219,Adam Humphries,TEN,WR,26,1,86.5,2,375,38
220,J.D. McKissic,DET,RB,26,0,83.8,1,438,72
221,T.J. Hockenson,DET,TE,22,0,80.7,2,367,32
222,Demaryius Thomas,NYJ,WR,32,0,85.3,1,433,36
223,Olabisi Johnson,MIN,WR,22,0,79.0,3,300,32
224,Mike Boone,MIN,RB,24,0,50.0,3,290,52
225,Josh Gordon,2TM,WR,28,0,73.7,1,427,29
226,Hayden Hurst,BAL,TE,26,0,76.9,2,349,30
227,Foster Moreau,OAK,TE,22,0,68.4,5,174,21
228,Jalen Richard,OAK,RB,26,2,82.8,0,468,75
229,Jordan Wilkins,IND,RB,25,0,54.0,2,350,58
230,Vance McDonald,PIT,TE,29,1,83.5,3,275,39
231,Albert Wilson,MIA,WR,27,0,89.4,1,416,50
232,Patrick Laird,MIA,RB,24,0,66.2,1,372,85
233,Ricky Seals-Jones,CLE,TE,24,1,58.9,4,229,14
234,Kaden Smith,NYG,TE,22,2,75.8,3,268,31
235,Nick Boyle,BAL,TE,26,0,75.1,2,321,31
236,Jeff Wilson,SFO,RB,24,0,46.9,5,139,30
237,David Moore,SEA,WR,24,2,59.6,2,326,20
238,Irv Smith Jr.,MIN,TE,21,1,79.1,2,311,36
239,Brandon Bolden,NWE,RB,29,0,50.9,4,179,24
240,Justice Hill,BAL,RB,22,0,49.5,2,295,66
241,Cody Latimer,NYG,WR,27,0,66.0,2,300,24
242,Matt Moore,KAN,QB,35,2,42.26,4,658,96
243,Bo Scarbrough,DET,RB,23,1,43.2,1,382,90
244,Geronimo Allison,GNB,WR,25,2,73.4,2,294,35
245,Josh Hill,NOR,TE,29,0,65.6,3,226,25
246,Dion Lewis,TEN,RB,29,1,66.3,1,373,79
247,Josh Reynolds,LAR,WR,24,0,61.9,1,349,26
248,Damiere Byrd,ARI,WR,26,1,71.9,1,359,32
249,Marcus Johnson,IND,WR,25,0,56.7,2,277,17
250,Dare Ogunbowale,TAM,RB,25,2,75.3,2,303,46
251,Seth Roberts,BAL,WR,28,0,60.1,2,271,21
252,Kalen Ballage,MIA,RB,24,0,51.8,3,198,88
253,Giovani Bernard,CIN,RB,28,2,68.4,0,404,83
254,Miles Boykin,BAL,WR,23,0,50.8,3,198,13
255,Nick Foles,JAX,QB,30,2,35.74,3,759,121
256,Ryquell Armstead,JAX,RB,23,0,51.2,2,252,49
257,Wayne Gallman,NYG,RB,25,1,48.2,3,212,40
258,Kelvin Harmon,WAS,WR,23,0,66.94,0,376,31
259,Paul Richardson,WAS,WR,27,0,64.5,2,245,29
260,DaeSean Hamilton,DEN,WR,24,0,63.7,1,297,28
261,Ty Johnson,DET,RB,22,1,60.2,0,382,87
262,Isaiah McKenzie,BUF,WR,24,0,63.3,1,303,35
263,Jakobi Meyers,NWE,WR,23,0,61.9,0,359,26
264,C.J. Uzomah,CIN,TE,26,0,63.2,2,242,27
265,Demetrius Harris,CLE,TE,28,0,47.9,3,149,15
266,Jonathan Williams,IND,RB,25,0,40.4,1,294,54
267,Tavon Austin,DAL,WR,29,1,47.4,2,224,19
268,Delanie Walker,TEN,TE,35,1,54.5,2,215,21
269,Brandon Allen,DEN,QB,27,0,32.5,3,554,94
270,Marvin Hall,DET,WR,26,0,39.8,1,268,8
271,Matt Schaub,ATL,QB,38,1,30.9,3,577,70
272,Jaron Brown,SEA,WR,29,1,48.0,2,220,16
273,Vyncint Smith,NYJ,WR,23,1,48.7,1,277,20
274,Greg Ward,PHI,WR,24,0,59.9,1,259,29
275,Pharoh Cooper,2TM,WR,24,0,55.5,1,245,26
276,Keke Coutee,HOU,WR,22,1,52.8,1,268,24
277,Kyle Juszczyk,SFO,RB,28,0,50.6,1,246,23
278,Malik Turner,SEA,WR,23,0,45.5,1,245,15
279,Charles Clay,ARI,TE,30,0,47.7,1,237,18
280,Qadree Ollison,ATL,RB,23,1,30.7,4,57,23
281,Chester Rogers,IND,WR,25,2,45.7,2,197,17
282,Jeremy Sprinkle,WAS,TE,25,1,56.1,1,241,26
283,Jarius Wright,CAR,WR,30,0,56.9,0,289,29
284,DeSean Jackson,PHI,WR,33,0,36.9,2,159,9
285,Jake Kumerow,GNB,WR,27,0,39.9,1,219,12
286,Scott Miller,TAM,WR,22,0,40.6,1,216,15
287,Justin Watson,TAM,WR,24,0,42.9,2,159,15
288,Jakeem Grant,MIA,WR,27,2,39.9,1,169,23
289,N'Keal Harry,NWE,WR,22,0,39.4,2,154,17
290,James O'Shaughnessy,JAX,TE,27,0,41.3,2,153,14
291,Mark Walton,MIA,RB,22,1,42.0,0,290,68
292,Chase Daniel,CHI,QB,33,0,26.0,3,441,70
293,Anthony Firkser,TEN,TE,24,0,40.4,1,204,14
294,Isaiah Ford,MIA,WR,23,0,48.5,0,255,24
295,Marquise Goodwin,SFO,WR,29,0,38.1,1,201,13
296,Dontrell Hilliard,CLE,RB,24,2,38.1,2,141,25
297,Andy Isabella,ARI,WR,23,0,35.4,1,204,13
298,Bilal Powell,NYJ,RB,31,0,33.2,0,262,67
299,Trey Quinn,WAS,WR,24,1,49.8,1,198,26
300,Damion Ratley,CLE,WR,24,0,38.0,1,200,12
301,Maxx Williams,ARI,TE,25,0,41.2,1,202,15
302,Dan Arnold,2TM,TE,24,0,32.7,2,127,8
303,Ryan Finley,CIN,QB,25,4,24.66,2,551,97
304,KeeSean Johnson,ARI,WR,23,1,44.0,1,190,22
305,Cordarrelle Patterson,CHI,WR,28,0,29.6,0,186,28
306,Ito Smith,ATL,RB,24,0,36.3,1,193,33
307,Javon Wims,CHI,WR,25,0,42.6,1,186,18
308,Ameer Abdullah,MIN,RB,26,1,39.3,1,203,38
309,Myles Gaskin,MIA,RB,22,0,31.4,1,184,43
310,Dante Pettis,SFO,WR,24,0,34.54,2,125,12
311,Laquon Treadwell,MIN,WR,24,0,33.4,1,184,9
312,Olamide Zaccheaus,ATL,WR,22,0,20.5,1,115,3
313,JJ Arcega-Whiteside,PHI,WR,23,0,32.9,1,169,10
314,Reggie Bonnafon,CAR,RB,23,0,29.3,1,173,22
315,Rhett Ellison,NYG,TE,31,0,40.7,1,167,18
316,Bennie Fowler,NYG,WR,28,0,44.3,0,213,24
317,Byron Pringle,KAN,WR,26,0,35.0,1,170,12
318,Darwin Thompson,KAN,RB,23,0,32.1,1,171,46
319,Logan Thomas,DET,TE,28,0,39.3,1,173,16
320,Duke Williams,BUF,WR,26,0,34.6,1,166,12
321,Justin Jackson,LAC,RB,24,0,31.2,0,222,38
322,Zay Jones,2TM,WR,24,0,48.9,0,219,28
323,Marcedes Lewis,GNB,TE,35,0,36.6,1,156,15
324,Tim Patrick,DEN,WR,26,0,37.8,0,218,16
325,Ross Dwelley,SFO,TE,24,0,36.1,2,91,15
326,Jaeden Graham,ATL,TE,24,0,29.9,1,149,9
327,C.J. Ham,MIN,RB,26,1,37.6,1,166,24
328,Brian Hoyer,IND,QB,34,2,21.08,4,374,73
329,Kalif Raymond,TEN,WR,25,1,29.5,1,165,10
330,Parris Campbell,IND,WR,22,3,38.1,1,161,22
331,Derek Carrier,OAK,TE,29,0,32.5,1,135,14
332,Trevor Davis,3TM,WR,26,3,28.4,1,184,12
333,Justin Hardy,ATL,WR,28,0,38.5,0,195,19
334,Richie James,SFO,WR,24,1,26.4,1,164,8
335,Ian Thomas,CAR,TE,23,0,35.6,1,136,16
336,Matt LaCosse,NWE,TE,27,0,32.1,1,131,13
337,Ty Montgomery,NYJ,RB,26,0,32.3,0,193,45
338,C.J. Prosise,SEA,RB,25,1,28.8,1,148,33
339,Vernon Davis,WAS,TE,35,0,28.3,1,123,10
340,Darrell Henderson,LAR,RB,22,0,22.4,0,184,43
341,Dontrelle Inman,2TM,WR,30,0,30.1,0,181,12
342,Josh Rosen,MIA,QB,22,1,17.98,1,580,112
343,Jeff Heuerman,DEN,TE,27,0,31.4,1,114,14
344,Travis Homer,SEA,RB,21,0,28.0,0,170,29
345,Ryan Izzo,NWE,TE,24,0,23.4,1,114,6
346,A.J. McCarron,HOU,QB,29,0,16.9,1,264,42
347,Cam Newton,CAR,QB,30,2,16.68,0,570,94
348,Nick O'Leary,2TM,TE,27,1,29.9,1,109,13
349,Devin Smith,DAL,WR,27,0,22.3,1,113,5
350,Nick Vannett,2TM,TE,26,0,33.6,0,166,17
351,Ben Watson,NWE,TE,39,0,34.3,0,173,17
352,T.J. Yeldon,BUF,RB,26,1,29.7,0,187,30
353,Andrew Beck,DEN,RB,23,0,24.54,1,99,11
354,Robert Griffin,BAL,QB,29,0,16.0,1,295,58
355,Hale Hentges,WAS,TE,23,0,24.3,1,103,8
356,Robert Tonyan,GNB,TE,25,0,26.0,1,100,10
357,Joshua Perkins,PHI,TE,26,0,23.7,1,87,9
358,MyCole Pruitt,TEN,TE,27,0,21.0,1,90,6
359,Wendell Smallwood,WAS,RB,25,0,23.5,0,145,31
360,DeAndre Carter,HOU,WR,26,2,25.2,0,162,11
361,Seth Devalve,JAX,TE,26,0,26.0,0,140,12
362,Trey Edmunds,PIT,RB,25,0,20.0,0,140,28
363,Virgil Green,LAC,TE,31,0,22.8,1,78,9
364,Wes Hills,DET,RB,24,0,16.2,2,22,12
365,Jesse James,DET,TE,25,0,30.2,0,142,16
366,Daniel Brown,NYJ,TE,27,0,20.2,1,72,7
367,Keelan Doss,OAK,WR,23,0,24.3,0,133,11
368,Rico Gafford,OAK,WR,23,0,14.6,1,66,2
369,Mack Hollins,2TM,WR,26,0,22.5,0,125,10
370,Jesper Horsted,CHI,TE,22,1,20.7,1,87,8
371,Tyler Kroft,BUF,TE,27,0,19.1,1,71,6
372,Ben Roethlisberger,PIT,QB,37,1,12.74,0,358,63
373,Kerrith Whyte,PIT,RB,23,0,14.1,0,131,25
374,Ben Braunecker,CHI,TE,25,0,17.9,1,59,6
375,Antonio Brown,NWE,WR,31,0,16.1,1,61,5
376,Deon Cain,2TM,WR,23,0,21.4,0,124,9
377,Rashard Higgins,CLE,WR,25,0,15.5,1,55,4
378,Alec Ingold,OAK,RB,23,0,18.1,1,61,16
379,Javorius Allen,NYG,RB,28,0,11.5,1,45,11
380,Stephen Carlson,CLE,TE,23,0,16.1,1,51,5
381,Darren Sproles,PHI,RB,36,1,15.0,0,90,23
382,Tommy Sweeney,BUF,TE,24,0,19.4,0,114,8
383,Brandon Zylstra,CAR,WR,26,1,18.6,0,106,8
384,Marcell Ateman,OAK,WR,25,1,14.6,0,116,5
385,Braxton Berrios,NYJ,WR,24,1,15.5,0,115,6
386,Troy Fumagalli,DEN,TE,24,0,15.8,1,38,6
387,Deonte Harris,NOR,WR,22,3,9.5,0,55,10
388,Andy Janovich,DEN,RB,26,0,15.3,1,43,6
389,T.J. Jones,NYG,WR,27,3,12.8,1,38,3
390,JJ Nelson,OAK,WR,27,0,13.6,1,36,4
391,David Njoku,CLE,TE,23,0,15.1,1,41,5
392,Danny Vitale,GNB,RB,26,0,17.0,0,100,8
393,Derek Watt,LAC,RB,27,0,13.2,1,42,10
394,Mo Alie-Cox,IND,TE,26,0,17.3,0,93,8
395,Kenjon Barner,ATL,RB,29,4,9.12,0,53,11
396,Christian Blake,ATL,WR,23,0,20.1,0,91,11
397,Antonio Callaway,CLE,WR,22,0,16.9,0,89,8
398,Luke Falk,NYJ,QB,25,2,8.64,0,416,73
399,Robert Foster,BUF,WR,25,0,12.3,0,93,5
400,J.P. Holtz,2TM,TE,26,0,16.1,0,91,7
401,D'Ernest Johnson,CLE,RB,23,0,15.2,0,92,10
402,Marshawn Lynch,SEA,RB,33,0,9.4,1,34,12
403,Lee Smith,BUF,TE,32,0,13.1,1,31,4
404,Alex Armah,CAR,RB,25,0,9.7,1,17,8
405,Nick Bellore,SEA,RB,30,0,10.3,1,23,2
406,Ventell Bryant,DAL,WR,23,0,8.5,1,15,1
407,Trey Burton,CHI,TE,28,0,22.4,0,84,14
408,KhaDarel Hodge,CLE,WR,24,0,11.6,0,76,4
409,Trent Sherfield,ARI,WR,23,0,12.0,0,80,4
410,Damion Willis,CIN,WR,22,0,17.2,0,82,9
411,Luke Willson,SEA,TE,29,0,15.9,0,79,8
412,Chad Beebe,MIN,WR,25,3,9.0,0,70,2
413,Blake Bell,KAN,TE,28,0,14.7,0,67,8
414,Devontae Booker,DEN,RB,27,0,12.6,0,66,8
415,Tra Carson,2TM,RB,27,0,10.6,0,66,22
416,Cethan Carter,CIN,RB,24,0,9.3,1,13,2
417,Chris Hogan,CAR,WR,32,0,14.7,0,67,8
418,Troymaine Pope,LAC,RB,26,1,9.4,1,34,12
419,Riley Ridley,CHI,WR,23,0,12.9,0,69,6
420,Adam Shaheen,CHI,TE,25,1,14.4,0,74,9
421,Durham Smythe,MIA,TE,24,0,13.5,0,65,7
422,Geoff Swaim,JAX,TE,26,0,19.5,0,65,13
423,Spencer Ware,KAN,RB,28,1,12.3,0,73,22
424,Dwayne Washington,NOR,RB,25,0,7.6,0,66,9
425,Matt Barkley,BUF,QB,29,3,5.96,0,355,53
426,Tyler Conklin,MIN,TE,24,0,13.8,0,58,8
427,Brett Hundley,ARI,QB,26,0,6.06,0,90,18
428,Tevin Jones,PIT,WR,27,0,10.1,0,61,4
429,Chris Lacy,DET,WR,23,0,9.0,0,60,3
430,Zach Line,NOR,RB,29,0,11.6,0,56,13
431,Andre Patton,LAC,WR,25,0,11.6,0,56,6
432,Tyrod Taylor,LAC,QB,30,0,6.02,1,40,16
433,Clive Walford,MIA,TE,28,0,10.1,0,61,4
434,Khari Blasingame,TEN,RB,23,0,9.4,0,54,4
435,Deontay Burnett,PHI,WR,22,0,6.8,0,48,2
436,Mike Davis,2TM,RB,26,0,11.9,0,49,20
437,Patrick DiMarco,BUF,RB,30,0,9.8,0,48,8
438,Jon Hilliman,NYG,RB,24,2,8.2,0,92,33
439,Alexander Hollins,MIN,WR,23,0,6.6,0,46,2
440,Taiwan Jones,HOU,RB,31,0,5.9,0,49,10
441,Lance Kendricks,LAC,TE,31,0,8.0,0,50,3
442,Devine Ozigbo,JAX,RB,23,0,8.0,0,50,12
443,Elijhaa Penny,NYG,RB,26,0,6.8,0,48,17
444,Luke Stocker,ATL,TE,31,1,13.3,0,53,8
445,Trevon Wesco,NYJ,TE,24,0,6.9,0,49,3
446,DeAndrew White,CAR,WR,28,0,9.1,0,51,4
447,Cedrick Wilson,DAL,WR,24,0,9.6,0,46,5
448,Deon Yelder,KAN,TE,24,0,8.0,0,50,3
449,C.J. Anderson,DET,RB,28,0,4.3,0,43,16
450,Geremy Davis,LAC,WR,27,0,6.8,0,38,3
451,Mike Glennon,OAK,QB,30,3,4.24,1,56,12
452,Colt McCoy,WAS,QB,33,2,4.28,0,136,29
453,Steven Mitchell,HOU,WR,25,0,5.7,0,37,2
454,Jason Moore,LAC,WR,24,0,6.3,0,43,2
455,Paul Perkins,DET,RB,25,0,4.8,0,38,13
456,Jay Ajayi,PHI,RB,26,0,3.0,0,30,10
457,Travis Benjamin,LAC,WR,30,0,9.0,0,30,6
458,C.J. Board,JAX,WR,26,0,5.1,0,31,2
459,Pharaoh Brown,CLE,TE,25,0,4.7,0,27,2
460,Cody Core,NYG,WR,25,0,5.8,0,28,3
461,Dalyn Dawkins,TEN,RB,25,0,2.6,0,26,11
462,Devin Funchess,IND,WR,25,0,6.2,0,32,3
463,Johnny Holton,PIT,WR,28,0,6.0,0,30,4
464,Tanner Hudson,TAM,TE,25,0,4.6,0,26,2
465,Ishmael Hyman,TAM,WR,24,0,5.4,0,34,2
466,Jordan Matthews,2TM,WR,27,0,7.3,0,33,4
467,Codey McElroy,TAM,WR,27,0,4.0,0,30,1
468,Johnny Mundt,LAR,TE,25,0,6.6,0,26,4
469,Andre Roberts,BUF,WR,31,1,5.7,0,27,4
470,Drew Sample,CIN,TE,23,0,8.0,0,30,5
471,Da'Mari Scott,NYG,WR,24,0,4.7,0,27,3
472,Russell Shepard,NYG,WR,29,0,5.5,0,25,3
473,Anthony Sherman,KAN,RB,31,0,5.1,0,31,6
474,Cam Sims,WAS,WR,23,0,4.7,0,27,2
475,Ryan Switzer,PIT,WR,25,1,10.7,0,27,8
476,Ross Travis,IND,TE,26,1,7.1,0,51,4
477,Nick Bawden,DET,RB,23,0,5.7,0,17,4
478,Josh Bellamy,NYJ,WR,30,0,4.0,0,20,2
479,Fred Brown,DEN,WR,26,1,4.1,0,21,2
480,Michael Crabtree,ARI,WR,32,0,6.2,0,22,4
481,Rashard Davis,TEN,WR,25,0,2.6,0,16,1
482,Robert Davis,2TM,WR,24,0,3.7,0,17,2
483,Ashton Dulin,IND,WR,22,0,3.7,0,17,2
484,Tyler Ervin,2TM,RB,26,2,4.1,0,21,3
485,Darius Jennings,TEN,WR,27,0,3.7,0,17,2
486,Marqise Lee,JAX,WR,28,0,4.9,0,19,4
487,T.J. Logan,TAM,RB,25,0,4.3,0,23,5
488,Donte Moncrief,2TM,WR,26,0,5.8,0,18,4
489,Chris Moore,BAL,WR,26,0,5.1,0,21,4
490,Stanley Morgan,CIN,WR,23,0,4.8,0,18,3
491,Josh Oliver,JAX,TE,22,0,4.5,0,15,3
492,Samaje Perine,2TM,RB,24,0,1.6,0,16,5
493,Eric Saubert,CHI,TE,25,0,4.1,0,21,2
494,Keith Smith,ATL,RB,27,0,3.1,0,21,6
495,Diontae Spencer,DEN,WR,27,3,7.7,0,37,9
